{"cameraMode":{"drawMode":0,"name":"Shaded","section":"Shading Mode"},"sceneLighting":true,"audioPlay":false,"sceneViewState":{"m_AlwaysRefresh":false,"showFog":true,"showSkybox":true,"showFlares":true,"showImageEffects":true,"showParticleSystems":true,"showVisualEffectGraphs":true,"m_FxEnabled":true},"in2DMode":false,"pivot":{"x":26.197481155395509,"y":1.7317638397216797,"z":12.973865509033204},"rotation":{"x":0.07937051355838776,"y":-0.7632254362106323,"z":0.08940806239843369,"w":0.6362330913543701},"size":10.363271713256836,"orthographic":false}