{"cameraMode":{"drawMode":0,"name":"Shaded","section":"Shading Mode"},"sceneLighting":true,"audioPlay":false,"sceneViewState":{"m_AlwaysRefresh":false,"showFog":true,"showSkybox":true,"showFlares":true,"showImageEffects":true,"showParticleSystems":true,"showVisualEffectGraphs":true,"m_FxEnabled":true},"in2DMode":false,"pivot":{"x":20.912263870239259,"y":33.84431457519531,"z":95.73268127441406},"rotation":{"x":-0.004485403653234243,"y":-0.9942092299461365,"z":-0.0990413948893547,"w":0.044474922120571139},"size":101.50675201416016,"orthographic":true}