{"cameraMode":{"drawMode":0,"name":"Shaded","section":"Shading Mode"},"sceneLighting":true,"audioPlay":false,"sceneViewState":{"m_AlwaysRefresh":false,"showFog":true,"showSkybox":true,"showFlares":true,"showImageEffects":true,"showParticleSystems":true,"showVisualEffectGraphs":true,"m_FxEnabled":true},"in2DMode":false,"pivot":{"x":-0.30753082036972048,"y":0.05137023329734802,"z":-0.09140810370445252},"rotation":{"x":0.10330826789140701,"y":-0.7065449953079224,"z":0.10554051399230957,"w":0.6922985911369324},"size":0.2820160686969757,"orthographic":false}