{"cameraMode":{"drawMode":0,"name":"Shaded","section":"Shading Mode"},"sceneLighting":true,"audioPlay":false,"sceneViewState":{"m_AlwaysRefresh":false,"showFog":true,"showSkybox":true,"showFlares":true,"showImageEffects":true,"showParticleSystems":true,"showVisualEffectGraphs":true,"m_FxEnabled":true},"in2DMode":false,"pivot":{"x":27.907363891601564,"y":-2.2894303798675539,"z":14.029014587402344},"rotation":{"x":0.09119457006454468,"y":-0.6976872086524963,"z":0.08619619160890579,"w":0.7064034342765808},"size":9.199039459228516,"orthographic":false}